phase,position,stat_or_composite,year_or_pooled,metric_name,point,lo_95,hi_95,n_paired,verdict,reason
phase1,QB,passing_yards,2021,rmse_delta,-0.2826267320315594,-0.6584078751405024,0.08880202405589327,547,NULL,
phase1,QB,passing_yards,2021,r_squared_delta,0.002475440204653623,,,547,NULL,
phase1,QB,passing_yards,2022,rmse_delta,0.17546463461397366,-0.3119595045871527,0.7022235905550638,537,NULL,
phase1,QB,passing_yards,2022,r_squared_delta,0.004905905959121437,,,537,NULL,
phase1,QB,passing_yards,2023,rmse_delta,0.19514603852151424,-0.13114778071895863,0.5764132115368212,536,NULL,
phase1,QB,passing_yards,2023,r_squared_delta,0.0018923046254676334,,,536,NULL,
phase1,QB,passing_yards,2024,rmse_delta,0.029298768245340057,-0.2654821217449914,0.3482522314524136,557,NULL,
phase1,QB,passing_yards,2024,r_squared_delta,0.001846929938300046,,,557,NULL,
phase1,QB,passing_yards,pooled,rmse_delta,-0.013463022844973693,-0.1953677529979707,0.16930355780853004,2177,NULL,
phase1,QB,passing_yards,pooled,r_squared_delta,0.002475440204653623,,,2177,NULL,
phase1,QB,passing_tds,2021,rmse_delta,0.0031631853068398996,-0.0020762749339786665,0.008862077732665596,547,NULL,
phase1,QB,passing_tds,2021,r_squared_delta,0.002151017736223282,,,547,NULL,
phase1,QB,passing_tds,2022,rmse_delta,0.005033555220507191,0.0006245321077726907,0.009494372459976188,537,NULL,
phase1,QB,passing_tds,2022,r_squared_delta,0.002689354244402087,,,537,NULL,
phase1,QB,passing_tds,2023,rmse_delta,0.0005456276615918298,-0.0021356516438217565,0.003421322751694793,536,NULL,
phase1,QB,passing_tds,2023,r_squared_delta,0.00034764309061940946,,,536,NULL,
phase1,QB,passing_tds,2024,rmse_delta,-0.0008761703353183936,-0.0023799196085397658,0.0006682113535918184,557,NULL,
phase1,QB,passing_tds,2024,r_squared_delta,0.0004222369534824244,,,557,NULL,
phase1,QB,passing_tds,pooled,rmse_delta,0.0020096473425259553,-0.0005550027931926771,0.0044785566910451316,2177,NULL,
phase1,QB,passing_tds,pooled,r_squared_delta,0.002151017736223282,,,2177,NULL,
phase1,QB,interceptions,2021,rmse_delta,-0.0004514423991424099,-0.000958259876272724,0.00013851817838723133,547,NULL,
phase1,QB,interceptions,2021,r_squared_delta,0.0005699974008362974,,,547,NULL,
phase1,QB,interceptions,2022,rmse_delta,0.005051432704671122,0.0018662767738596292,0.008200280151055775,537,NULL,
phase1,QB,interceptions,2022,r_squared_delta,0.003946777230773968,,,537,NULL,
phase1,QB,interceptions,2023,rmse_delta,0.001079988702090362,-0.000667500516245692,0.0027534781486943326,536,NULL,
phase1,QB,interceptions,2023,r_squared_delta,0.000613233640377242,,,536,NULL,
phase1,QB,interceptions,2024,rmse_delta,-0.0011438622845658664,-0.002624903211125215,0.0003735338601933728,557,NULL,
phase1,QB,interceptions,2024,r_squared_delta,-0.0013713209461140297,,,557,NULL,
phase1,QB,interceptions,pooled,rmse_delta,-0.0002204766076152609,-0.00046624330197836406,3.694645179578015e-05,2177,NULL,
phase1,QB,interceptions,pooled,r_squared_delta,0.0005699974008362974,,,2177,NULL,
phase1,QB,rushing_yards,2021,rmse_delta,0.07507576538155192,0.016625577339718367,0.13147648729799455,547,REGRESSION,
phase1,QB,rushing_yards,2021,r_squared_delta,-0.0011201894365757692,,,547,REGRESSION,
phase1,QB,rushing_yards,2022,rmse_delta,-0.055288677492598026,-0.10492501432086172,-0.0035457494601940846,537,SIGNAL,
phase1,QB,rushing_yards,2022,r_squared_delta,-0.0010649255642641853,,,537,SIGNAL,
phase1,QB,rushing_yards,2023,rmse_delta,-0.001216180803901068,-0.040332464727059314,0.03810695073923274,536,NULL,
phase1,QB,rushing_yards,2023,r_squared_delta,0.0006499546688900626,,,536,NULL,
phase1,QB,rushing_yards,2024,rmse_delta,-0.05231310312166926,-0.10413878635294198,0.0007859710256035073,557,NULL,
phase1,QB,rushing_yards,2024,r_squared_delta,-0.0004331703043584101,,,557,NULL,
phase1,QB,rushing_yards,pooled,rmse_delta,0.010126805365224811,-0.02170654501202387,0.04073969629916288,2177,NULL,
phase1,QB,rushing_yards,pooled,r_squared_delta,-0.0011201894365757692,,,2177,NULL,
phase1,QB,rushing_tds,2021,rmse_delta,0.00013953648492714965,-0.001481386824300622,0.001807880320232282,547,NULL,
phase1,QB,rushing_tds,2021,r_squared_delta,0.0021061234761806658,,,547,NULL,
phase1,QB,rushing_tds,2022,rmse_delta,0.0005811345746290497,-0.0009041552709104408,0.0021594898168520184,537,NULL,
phase1,QB,rushing_tds,2022,r_squared_delta,-0.00164311009938789,,,537,NULL,
phase1,QB,rushing_tds,2023,rmse_delta,-0.00022330242259971378,-0.0006898313853921881,0.00026435404999221437,536,NULL,
phase1,QB,rushing_tds,2023,r_squared_delta,0.000389754836461198,,,536,NULL,
phase1,QB,rushing_tds,2024,rmse_delta,0.0005084801577092124,-0.00028415794901565924,0.0012744275310488079,557,NULL,
phase1,QB,rushing_tds,2024,r_squared_delta,0.0007687311088352411,,,557,NULL,
phase1,QB,rushing_tds,pooled,rmse_delta,0.0004690750047497416,-0.0002544045191097119,0.00120278958974616,2177,NULL,
phase1,QB,rushing_tds,pooled,r_squared_delta,0.0021061234761806658,,,2177,NULL,
phase1,QB,fumbles_lost,2021,rmse_delta,0.000750660732663333,8.672506743880594e-05,0.0014153420102135201,547,NULL,
phase1,QB,fumbles_lost,2021,r_squared_delta,0.0004182512620751755,,,547,NULL,
phase1,QB,fumbles_lost,2022,rmse_delta,0.00042593711745508855,6.551296143854773e-05,0.0007839557875761405,537,NULL,
phase1,QB,fumbles_lost,2022,r_squared_delta,0.00014762413733393487,,,537,NULL,
phase1,QB,fumbles_lost,2023,rmse_delta,-3.51835523730859e-05,-0.0007128829639430372,0.0007970070272287313,536,NULL,
phase1,QB,fumbles_lost,2023,r_squared_delta,0.0006488493818062047,,,536,NULL,
phase1,QB,fumbles_lost,2024,rmse_delta,-0.00033567084773067357,-0.001106465043294927,0.0003521822201551782,557,NULL,
phase1,QB,fumbles_lost,2024,r_squared_delta,0.0005387231090742128,,,557,NULL,
phase1,QB,fumbles_lost,pooled,rmse_delta,-0.00011360929790510399,-0.0004540749322421003,0.00021315477544619484,2177,NULL,
phase1,QB,fumbles_lost,pooled,r_squared_delta,0.0004182512620751755,,,2177,NULL,
phase1,RB,rushing_yards,2021,rmse_delta,0.08264402663857595,-0.026031453875404325,0.19238710166508619,949,NULL,
phase1,RB,rushing_yards,2021,r_squared_delta,0.0017109812581551642,,,949,NULL,
phase1,RB,rushing_yards,2022,rmse_delta,0.014919314424766128,-0.05522162983149599,0.08195192683031922,902,NULL,
phase1,RB,rushing_yards,2022,r_squared_delta,0.0007603986569789667,,,902,NULL,
phase1,RB,rushing_yards,2023,rmse_delta,0.0009607571162533191,-0.073143690940773,0.07812173084262325,872,NULL,
phase1,RB,rushing_yards,2023,r_squared_delta,0.0005418909562528995,,,872,NULL,
phase1,RB,rushing_yards,2024,rmse_delta,-0.002255332921805575,-0.058526449753657325,0.054267603652091954,923,NULL,
phase1,RB,rushing_yards,2024,r_squared_delta,0.0005066154733088801,,,923,NULL,
phase1,RB,rushing_yards,pooled,rmse_delta,0.04422370261024966,-0.011147222620278719,0.1049108059961537,3646,NULL,
phase1,RB,rushing_yards,pooled,r_squared_delta,0.0017109812581551642,,,3646,NULL,
phase1,RB,rushing_tds,2021,rmse_delta,0.0011982395221472597,-7.583392676400456e-05,0.002532468478039115,949,NULL,
phase1,RB,rushing_tds,2021,r_squared_delta,0.00162184297761081,,,949,NULL,
phase1,RB,rushing_tds,2022,rmse_delta,0.00021332309938526528,-0.0006380916616433475,0.0010859301555793675,902,NULL,
phase1,RB,rushing_tds,2022,r_squared_delta,0.0006212659614686089,,,902,NULL,
phase1,RB,rushing_tds,2023,rmse_delta,0.0004162633983194608,-0.0003217531413480357,0.0011434209329973714,872,NULL,
phase1,RB,rushing_tds,2023,r_squared_delta,0.0004340956907132876,,,872,NULL,
phase1,RB,rushing_tds,2024,rmse_delta,-0.00040756084172677287,-0.0011388381735629506,0.00034781244730647796,923,NULL,
phase1,RB,rushing_tds,2024,r_squared_delta,-0.00016912647828759564,,,923,NULL,
phase1,RB,rushing_tds,pooled,rmse_delta,0.0009748270130982561,0.0003143859301985019,0.0016550374444431522,3646,NULL,
phase1,RB,rushing_tds,pooled,r_squared_delta,0.00162184297761081,,,3646,NULL,
phase1,RB,receptions,2021,rmse_delta,-0.0005520821548796739,-0.0030747373222348275,0.0020475137730840863,949,NULL,
phase1,RB,receptions,2021,r_squared_delta,0.0002332477552596801,,,949,NULL,
phase1,RB,receptions,2022,rmse_delta,0.0035525712464059556,-0.0002459027728136053,0.007279232054427891,902,NULL,
phase1,RB,receptions,2022,r_squared_delta,0.0006692161994111823,,,902,NULL,
phase1,RB,receptions,2023,rmse_delta,0.0010922461120181914,-0.0006840057384927767,0.002889939005226577,872,NULL,
phase1,RB,receptions,2023,r_squared_delta,0.00018619710212885998,,,872,NULL,
phase1,RB,receptions,2024,rmse_delta,-0.0021462160929242025,-0.004182204943867712,-0.00020694821242954762,923,NULL,
phase1,RB,receptions,2024,r_squared_delta,0.00021494503536512166,,,923,NULL,
phase1,RB,receptions,pooled,rmse_delta,0.0010071946304006651,-0.0003317196445236925,0.0022008175445600462,3646,NULL,
phase1,RB,receptions,pooled,r_squared_delta,0.0002332477552596801,,,3646,NULL,
phase1,RB,receiving_yards,2021,rmse_delta,-0.0008194303734363473,-0.04282014074703548,0.044346976312667055,949,NULL,
phase1,RB,receiving_yards,2021,r_squared_delta,0.000599224492922934,,,949,NULL,
phase1,RB,receiving_yards,2022,rmse_delta,0.029502910992462716,-0.0291638162166115,0.08417915889031641,902,NULL,
phase1,RB,receiving_yards,2022,r_squared_delta,0.0011085946130182656,,,902,NULL,
phase1,RB,receiving_yards,2023,rmse_delta,0.06326345247919107,0.02388381514024056,0.10330062530287226,872,REGRESSION,
phase1,RB,receiving_yards,2023,r_squared_delta,0.0006288036551350684,,,872,REGRESSION,
phase1,RB,receiving_yards,2024,rmse_delta,0.013970945855113825,0.0010746697208966261,0.02806620761717235,923,NULL,
phase1,RB,receiving_yards,2024,r_squared_delta,0.00011666561296830302,,,923,NULL,
phase1,RB,receiving_yards,pooled,rmse_delta,0.021022206145712374,-0.00021564487279102088,0.04004407721074505,3646,NULL,
phase1,RB,receiving_yards,pooled,r_squared_delta,0.000599224492922934,,,3646,NULL,
phase1,RB,receiving_tds,2021,rmse_delta,-0.0003482359405136415,-0.0010080106024576054,0.0002933812459205001,949,NULL,
phase1,RB,receiving_tds,2021,r_squared_delta,0.001375245316804885,,,949,NULL,
phase1,RB,receiving_tds,2022,rmse_delta,4.964761592801681e-05,-0.0011985847712727884,0.001503374264149945,902,NULL,
phase1,RB,receiving_tds,2022,r_squared_delta,-0.00014978742792659538,,,902,NULL,
phase1,RB,receiving_tds,2023,rmse_delta,0.0004006993592391428,-0.0011618010414206543,0.002028170572065275,872,NULL,
phase1,RB,receiving_tds,2023,r_squared_delta,-0.0033408658342185538,,,872,NULL,
phase1,RB,receiving_tds,2024,rmse_delta,-0.0005320123198608306,-0.0016635916982751873,0.0005600120236001066,923,NULL,
phase1,RB,receiving_tds,2024,r_squared_delta,-0.0016627670081432733,,,923,NULL,
phase1,RB,receiving_tds,pooled,rmse_delta,2.4089306211672046e-05,-0.00026187309364419654,0.00032858167547010204,3646,NULL,
phase1,RB,receiving_tds,pooled,r_squared_delta,0.001375245316804885,,,3646,NULL,
phase1,RB,fumbles_lost,2021,rmse_delta,3.386340185809744e-05,-0.00018998961541415242,0.00023288588781480987,949,NULL,
phase1,RB,fumbles_lost,2021,r_squared_delta,0.0005948812657202707,,,949,NULL,
phase1,RB,fumbles_lost,2022,rmse_delta,-0.0001027764978543122,-0.00033368517088396205,8.511697150797997e-05,902,NULL,
phase1,RB,fumbles_lost,2022,r_squared_delta,0.0006448319842953243,,,902,NULL,
phase1,RB,fumbles_lost,2023,rmse_delta,-0.00010412778920679266,-0.000313561894350773,8.792578765237707e-05,872,NULL,
phase1,RB,fumbles_lost,2023,r_squared_delta,0.0008833048045225889,,,872,NULL,
phase1,RB,fumbles_lost,2024,rmse_delta,-7.208259534652317e-05,-0.0002898503002730805,0.0001340756873183378,923,NULL,
phase1,RB,fumbles_lost,2024,r_squared_delta,0.0010101748463257065,,,923,NULL,
phase1,RB,fumbles_lost,pooled,rmse_delta,-1.480005445392285e-06,-9.679284655347911e-05,9.438354643487785e-05,3646,NULL,
phase1,RB,fumbles_lost,pooled,r_squared_delta,0.0005948812657202707,,,3646,NULL,
phase1,WR,receptions,2021,rmse_delta,0.0030939651776944466,-0.002017585659672061,0.008716105372210169,1602,NULL,
phase1,WR,receptions,2021,r_squared_delta,0.0009061065215759667,,,1602,NULL,
phase1,WR,receptions,2022,rmse_delta,0.0016539351433881855,-0.001235092631057999,0.004447343999341889,1598,NULL,
phase1,WR,receptions,2022,r_squared_delta,0.00045562700381351906,,,1598,NULL,
phase1,WR,receptions,2023,rmse_delta,0.001556086950075919,-0.0010454886741927626,0.004077985362812863,1571,NULL,
phase1,WR,receptions,2023,r_squared_delta,0.0003244679909659709,,,1571,NULL,
phase1,WR,receptions,2024,rmse_delta,0.0004176728701810184,-0.0012762264226295783,0.0020591735023260615,1528,NULL,
phase1,WR,receptions,2024,r_squared_delta,0.00015541102438898502,,,1528,NULL,
phase1,WR,receptions,pooled,rmse_delta,0.002514158158402058,0.00037992778771430704,0.004851573203999515,6299,NULL,
phase1,WR,receptions,pooled,r_squared_delta,0.0009061065215759667,,,6299,NULL,
phase1,WR,receiving_yards,2021,rmse_delta,-0.009033453161542582,-0.05500820305579257,0.03794555313540364,1602,NULL,
phase1,WR,receiving_yards,2021,r_squared_delta,0.0004072927510171409,,,1602,NULL,
phase1,WR,receiving_yards,2022,rmse_delta,0.013701692643465435,-0.026086795590775046,0.054630371731686174,1598,NULL,
phase1,WR,receiving_yards,2022,r_squared_delta,0.00045717291000446636,,,1598,NULL,
phase1,WR,receiving_yards,2023,rmse_delta,0.012911508010475359,-0.020142246693769295,0.04491464409610426,1571,NULL,
phase1,WR,receiving_yards,2023,r_squared_delta,0.00030617167833069114,,,1571,NULL,
phase1,WR,receiving_yards,2024,rmse_delta,0.0032613065562330235,-0.026324242173969913,0.03182536587179853,1528,NULL,
phase1,WR,receiving_yards,2024,r_squared_delta,0.00024584383657066944,,,1528,NULL,
phase1,WR,receiving_yards,pooled,rmse_delta,0.0058917789058412495,-0.014379542495296604,0.02773239309095565,6299,NULL,
phase1,WR,receiving_yards,pooled,r_squared_delta,0.0004072927510171409,,,6299,NULL,
phase1,WR,receiving_tds,2021,rmse_delta,0.0010342538993054484,-0.0002639791523615459,0.0024045155783395636,1602,NULL,
phase1,WR,receiving_tds,2021,r_squared_delta,0.0012799072207488882,,,1602,NULL,
phase1,WR,receiving_tds,2022,rmse_delta,0.0006674703430885609,3.6222136286831496e-06,0.001342951058013257,1598,NULL,
phase1,WR,receiving_tds,2022,r_squared_delta,0.0008936199408766665,,,1598,NULL,
phase1,WR,receiving_tds,2023,rmse_delta,9.602823827098428e-05,-0.0002370693086203579,0.00046054594199212826,1571,NULL,
phase1,WR,receiving_tds,2023,r_squared_delta,0.0002683902010345296,,,1571,NULL,
phase1,WR,receiving_tds,2024,rmse_delta,-2.7140737156594597e-05,-0.00031691073572129026,0.0002702149967753363,1528,NULL,
phase1,WR,receiving_tds,2024,r_squared_delta,0.0001969441017389828,,,1528,NULL,
phase1,WR,receiving_tds,pooled,rmse_delta,0.0007305572888346434,0.0001608109659231985,0.0012973728555242313,6299,NULL,
phase1,WR,receiving_tds,pooled,r_squared_delta,0.0012799072207488882,,,6299,NULL,
phase1,WR,rushing_yards,2021,rmse_delta,-0.0025175354903561598,-0.013489370437763349,0.010292760571154217,1602,NULL,
phase1,WR,rushing_yards,2021,r_squared_delta,-0.000601993291974301,,,1602,NULL,
phase1,WR,rushing_yards,2022,rmse_delta,0.004024232101097702,-0.0029234149684288944,0.011421675653400664,1598,NULL,
phase1,WR,rushing_yards,2022,r_squared_delta,0.0009535006791762113,,,1598,NULL,
phase1,WR,rushing_yards,2023,rmse_delta,-0.0007753866575175294,-0.006809321076292863,0.0055709000355107065,1571,NULL,
phase1,WR,rushing_yards,2023,r_squared_delta,0.0005129347945571627,,,1571,NULL,
phase1,WR,rushing_yards,2024,rmse_delta,0.009733445228177207,0.0029355418335930586,0.01644509871347638,1528,NULL,
phase1,WR,rushing_yards,2024,r_squared_delta,0.000574605938381656,,,1528,NULL,
phase1,WR,rushing_yards,pooled,rmse_delta,-0.00753547327327464,-0.01513785886218868,-0.0005485406526006158,6299,NULL,
phase1,WR,rushing_yards,pooled,r_squared_delta,-0.000601993291974301,,,6299,NULL,
phase1,WR,rushing_tds,2021,rmse_delta,-2.296729835266076e-05,-6.661952850389834e-05,1.752010972082586e-05,1602,NULL,
phase1,WR,rushing_tds,2021,r_squared_delta,0.00041038786200542354,,,1602,NULL,
phase1,WR,rushing_tds,2022,rmse_delta,6.0533180166827405e-05,-4.367250768727675e-05,0.0001616560260441286,1598,NULL,
phase1,WR,rushing_tds,2022,r_squared_delta,0.0006076238836831838,,,1598,NULL,
phase1,WR,rushing_tds,2023,rmse_delta,2.1547590402681838e-05,-2.583388960234363e-05,6.615505633836248e-05,1571,NULL,
phase1,WR,rushing_tds,2023,r_squared_delta,0.00035627523800585426,,,1571,NULL,
phase1,WR,rushing_tds,2024,rmse_delta,-3.4061200540835834e-05,-7.198790640056477e-05,1.8320803975992167e-06,1528,NULL,
phase1,WR,rushing_tds,2024,r_squared_delta,0.0002803782885228978,,,1528,NULL,
phase1,WR,rushing_tds,pooled,rmse_delta,2.6100571406784123e-05,-2.7147952781522015e-06,5.3536501592332784e-05,6299,NULL,
phase1,WR,rushing_tds,pooled,r_squared_delta,0.00041038786200542354,,,6299,NULL,
phase1,WR,fumbles_lost,2021,rmse_delta,-5.223581894198137e-06,-0.00016817248945808841,0.00014914498660676052,1602,NULL,
phase1,WR,fumbles_lost,2021,r_squared_delta,0.0007587924972687343,,,1602,NULL,
phase1,WR,fumbles_lost,2022,rmse_delta,-1.2164067407061108e-05,-0.00012522466439928714,0.00011159152572493349,1598,NULL,
phase1,WR,fumbles_lost,2022,r_squared_delta,0.0005992432659276403,,,1598,NULL,
phase1,WR,fumbles_lost,2023,rmse_delta,0.00011238386048331717,-5.821095773694828e-06,0.00022814765864223173,1571,NULL,
phase1,WR,fumbles_lost,2023,r_squared_delta,0.0006672279272844639,,,1571,NULL,
phase1,WR,fumbles_lost,2024,rmse_delta,-2.1319234391303787e-05,-7.477395018741228e-05,3.2131635969233684e-05,1528,NULL,
phase1,WR,fumbles_lost,2024,r_squared_delta,0.00032512225665548566,,,1528,NULL,
phase1,WR,fumbles_lost,pooled,rmse_delta,5.719755070160426e-05,-2.2984107992974483e-05,0.00013421604975998033,6299,NULL,
phase1,WR,fumbles_lost,pooled,r_squared_delta,0.0007587924972687343,,,6299,NULL,
phase1,TE,receptions,2021,rmse_delta,0.005788821589986171,0.0014346563042405113,0.010109558708774535,619,NULL,
phase1,TE,receptions,2021,r_squared_delta,0.0009952511239230688,,,619,NULL,
phase1,TE,receptions,2022,rmse_delta,0.005393473763245726,0.0009041989333240907,0.010026364185334235,698,NULL,
phase1,TE,receptions,2022,r_squared_delta,-0.00011651830761350013,,,698,NULL,
phase1,TE,receptions,2023,rmse_delta,-0.0011463987587427837,-0.004033363239721333,0.0017968230733114317,699,NULL,
phase1,TE,receptions,2023,r_squared_delta,-0.0003220606252938296,,,699,NULL,
phase1,TE,receptions,2024,rmse_delta,8.728753807796252e-05,-0.0033058752007982693,0.003724313971895852,676,NULL,
phase1,TE,receptions,2024,r_squared_delta,0.00012749628435060334,,,676,NULL,
phase1,TE,receptions,pooled,rmse_delta,-0.001387585907860922,-0.003639621608462107,0.0008591006424922495,2692,NULL,
phase1,TE,receptions,pooled,r_squared_delta,0.0009952511239230688,,,2692,NULL,
phase1,TE,receiving_yards,2021,rmse_delta,-0.006192299963622361,-0.018845754277827975,0.006008069472380925,619,NULL,
phase1,TE,receiving_yards,2021,r_squared_delta,0.00025608442825186817,,,619,NULL,
phase1,TE,receiving_yards,2022,rmse_delta,0.037172188700733244,-0.06273259080148623,0.1251553024967462,698,NULL,
phase1,TE,receiving_yards,2022,r_squared_delta,0.0019630015907201592,,,698,NULL,
phase1,TE,receiving_yards,2023,rmse_delta,-0.11297146601294017,-0.17802623650095767,-0.04854815363250725,699,SIGNAL,
phase1,TE,receiving_yards,2023,r_squared_delta,0.0007263282069307486,,,699,SIGNAL,
phase1,TE,receiving_yards,2024,rmse_delta,-0.0036209474254000895,-0.09750042975268247,0.10136981141848486,676,NULL,
phase1,TE,receiving_yards,2024,r_squared_delta,0.002017178029307898,,,676,NULL,
phase1,TE,receiving_yards,pooled,rmse_delta,-0.00429508936352363,-0.00975740871105737,0.0012298895588976635,2692,NULL,
phase1,TE,receiving_yards,pooled,r_squared_delta,0.00025608442825186817,,,2692,NULL,
phase1,TE,receiving_tds,2021,rmse_delta,0.0007569170633956457,-0.0010633851467698962,0.0025389778935595597,619,NULL,
phase1,TE,receiving_tds,2021,r_squared_delta,0.0011058308196724154,,,619,NULL,
phase1,TE,receiving_tds,2022,rmse_delta,9.472414245448313e-05,-0.000413821777244433,0.0006429698481015655,698,NULL,
phase1,TE,receiving_tds,2022,r_squared_delta,0.0002957794068438879,,,698,NULL,
phase1,TE,receiving_tds,2023,rmse_delta,-0.00015547486908162877,-0.0005789603586098854,0.00024001468423819755,699,NULL,
phase1,TE,receiving_tds,2023,r_squared_delta,0.00013614560565600176,,,699,NULL,
phase1,TE,receiving_tds,2024,rmse_delta,0.00018389262139606455,-0.0004301413863299436,0.000796675627228496,676,NULL,
phase1,TE,receiving_tds,2024,r_squared_delta,0.0002837126633112863,,,676,NULL,
phase1,TE,receiving_tds,pooled,rmse_delta,0.00017444522564075138,-0.00048764145138169843,0.0008248770503692713,2692,NULL,
phase1,TE,receiving_tds,pooled,r_squared_delta,0.0011058308196724154,,,2692,NULL,
phase1,TE,rushing_yards,2021,rmse_delta,-0.000256332732311626,-0.006220659395361186,0.005838062825202727,619,NULL,
phase1,TE,rushing_yards,2021,r_squared_delta,0.0019719841150634965,,,619,NULL,
phase1,TE,rushing_yards,2022,rmse_delta,0.00167912610558818,-0.0027899933426923343,0.005521210616100403,698,NULL,
phase1,TE,rushing_yards,2022,r_squared_delta,0.001874093616789918,,,698,NULL,
phase1,TE,rushing_yards,2023,rmse_delta,-0.0014705797212813398,-0.005099113478089272,0.0027636916478450428,699,NULL,
phase1,TE,rushing_yards,2023,r_squared_delta,0.0014191352097726595,,,699,NULL,
phase1,TE,rushing_yards,2024,rmse_delta,0.0013517071815362103,-0.0006012679791454506,0.004077329308596486,676,NULL,
phase1,TE,rushing_yards,2024,r_squared_delta,0.0014424451332081256,,,676,NULL,
phase1,TE,rushing_yards,pooled,rmse_delta,0.0003802738858443844,-0.0020864089316245697,0.0026055162444343053,2692,NULL,
phase1,TE,rushing_yards,pooled,r_squared_delta,0.0019719841150634965,,,2692,NULL,
phase1,TE,rushing_tds,2021,rmse_delta,-7.069130290762726e-06,-2.226295275133787e-05,9.973975576775267e-06,619,NULL,
phase1,TE,rushing_tds,2021,r_squared_delta,0.00030219622805172097,,,619,NULL,
phase1,TE,rushing_tds,2022,rmse_delta,-3.0011759833026286e-05,-7.276596355635344e-05,1.839653947132492e-05,698,NULL,
phase1,TE,rushing_tds,2022,r_squared_delta,0.000497347598643394,,,698,NULL,
phase1,TE,rushing_tds,2023,rmse_delta,-2.3681489026749006e-05,-0.00012299936543111938,7.077052592893353e-05,699,NULL,
phase1,TE,rushing_tds,2023,r_squared_delta,0.000741565381010334,,,699,NULL,
phase1,TE,rushing_tds,2024,rmse_delta,-3.9901792565265326e-05,-7.95124017117833e-05,7.186202401504692e-05,676,NULL,
phase1,TE,rushing_tds,2024,r_squared_delta,0.0007387921289455646,,,676,NULL,
phase1,TE,rushing_tds,pooled,rmse_delta,-2.3407562981664354e-06,-1.088822793809674e-05,5.6708015213978445e-06,2692,NULL,
phase1,TE,rushing_tds,pooled,r_squared_delta,0.00030219622805172097,,,2692,NULL,
phase1,TE,fumbles_lost,2021,rmse_delta,0.0005550249509777283,0.00028445414758369734,0.0008813315822809464,619,NULL,
phase1,TE,fumbles_lost,2021,r_squared_delta,0.0014275169457668158,,,619,NULL,
phase1,TE,fumbles_lost,2022,rmse_delta,-1.7677768984744602e-05,-3.109424383165929e-05,-3.4227151462073337e-06,698,NULL,
phase1,TE,fumbles_lost,2022,r_squared_delta,4.235235819383121e-05,,,698,NULL,
phase1,TE,fumbles_lost,2023,rmse_delta,9.217786351919943e-05,1.5339935463994098e-06,0.00018030272502108922,699,NULL,
phase1,TE,fumbles_lost,2023,r_squared_delta,0.00023801026084990795,,,699,NULL,
phase1,TE,fumbles_lost,2024,rmse_delta,4.279416849523043e-06,-7.0311157318640735e-06,1.635453779604695e-05,676,NULL,
phase1,TE,fumbles_lost,2024,r_squared_delta,2.6146587201569815e-05,,,676,NULL,
phase1,TE,fumbles_lost,pooled,rmse_delta,0.00021564627262909974,5.51121943034083e-05,0.00036079057292141413,2692,NULL,
phase1,TE,fumbles_lost,pooled,r_squared_delta,0.0014275169457668158,,,2692,NULL,
phase2,QB,composite,pooled,rmse_delta,0.026797641536252748,0.008225922087847915,0.04487355625874869,2692,DO_NOT_ADOPT,"RMSE inconclusive: 95% CI [+0.008, +0.045] brackets / exceeds zero"
phase2,QB,composite,pooled,spearman_delta,-0.002334164438465014,-0.0058553636094323515,0.0010431195484006865,2692,DO_NOT_ADOPT,"RMSE inconclusive: 95% CI [+0.008, +0.045] brackets / exceeds zero"
phase2,RB,composite,pooled,rmse_delta,-0.004075801983652205,-0.012906139330373679,0.004437775385455198,5273,DO_NOT_ADOPT,"RMSE inconclusive: 95% CI [-0.013, +0.004] brackets / exceeds zero"
phase2,RB,composite,pooled,spearman_delta,0.0013166352129596604,-0.00023925903630342136,0.002895435510127183,5273,DO_NOT_ADOPT,"RMSE inconclusive: 95% CI [-0.013, +0.004] brackets / exceeds zero"
phase2,WR,composite,pooled,rmse_delta,0.000727603224376594,-0.005055445582358042,0.007054766874146212,8470,DO_NOT_ADOPT,"RMSE inconclusive: 95% CI [-0.005, +0.007] brackets / exceeds zero"
phase2,WR,composite,pooled,spearman_delta,-0.00044001259321735375,-0.001773035693170863,0.0008575916321442742,8470,DO_NOT_ADOPT,"RMSE inconclusive: 95% CI [-0.005, +0.007] brackets / exceeds zero"
phase2,TE,composite,pooled,rmse_delta,0.0027252566708124704,-0.006302665911075334,0.01117769296406967,4257,DO_NOT_ADOPT,"RMSE inconclusive: 95% CI [-0.006, +0.011] brackets / exceeds zero"
phase2,TE,composite,pooled,spearman_delta,-0.0016576321558082752,-0.004541852972647265,0.0012023764908284382,4257,DO_NOT_ADOPT,"RMSE inconclusive: 95% CI [-0.006, +0.011] brackets / exceeds zero"
