rank,gsis_id,position,season_total_mean,n_weeks,full_name,team
1,00-0034796,QB,418.99870332670514,19,Lamar Jackson,BAL
2,00-0036389,QB,390.12151918816147,21,Jalen Hurts,PHI
3,00-0034857,QB,386.899135812846,20,Josh Allen,BUF
4,00-0039910,QB,378.2585075105295,20,Jayden Daniels,WAS
5,00-0034844,RB,360.8717447590824,21,Saquon Barkley,PHI
6,00-0033873,QB,356.0865505332676,20,Patrick Mahomes,KC
7,00-0033106,QB,320.9834309205392,18,Jared Goff,DET
8,00-0034855,QB,317.02731892460974,18,Baker Mayfield,TB
9,00-0037834,QB,303.08683682733783,17,Brock Purdy,SF
10,00-0036442,QB,296.31203571065146,17,Joe Burrow,CIN
11,00-0034869,QB,294.91189773163154,18,Sam Darnold,SEA
12,00-0039163,QB,292.75732837359135,19,C.J. Stroud,HOU
13,00-0026498,QB,292.18828556831403,19,Matthew Stafford,LAR
14,00-0036264,QB,288.8122410696306,18,Jordan Love,GB
15,00-0036963,WR,288.44409694661937,18,Amon-Ra St. Brown,DET
16,00-0037840,RB,287.8944926757162,19,Kyren Williams,LAR
17,00-0033897,RB,286.0316527148595,19,Joe Mixon,
18,00-0035228,QB,284.5719342737865,17,Kyler Murray,MIN
19,00-0035676,WR,281.89127321081065,21,A.J. Brown,PHI
20,00-0039732,QB,281.12000971737575,18,Bo Nix,DEN
21,00-0038542,RB,280.29765957589336,17,Bijan Robinson,ATL
22,00-0030565,QB,278.553390799955,17,Geno Smith,NYJ
23,00-0038120,RB,276.9620205230453,17,Breece Hall,NYJ
24,00-0032764,RB,275.8582586609375,19,Derrick Henry,BAL
25,00-0036322,WR,274.32607553405614,18,Justin Jefferson,MIN
26,00-0036355,QB,273.03824067420277,18,Justin Herbert,LAC
27,00-0039064,WR,268.8518606513952,19,Zay Flowers,BAL
28,00-0033906,RB,268.3000571965965,17,Alvin Kamara,NO
29,00-0037248,RB,266.24574605519285,20,James Cook,BUF
30,00-0039164,QB,265.53008627132925,17,Anthony Richardson,IND
31,00-0039337,WR,261.1001153859546,17,Malik Nabers,NYG
32,00-0033293,RB,260.27503071459,18,Aaron Jones,MIN
33,00-0039139,RB,259.6965262686949,18,Jahmyr Gibbs,DET
34,00-0037740,WR,256.59862922017834,17,Garrett Wilson,NYJ
35,00-0039918,QB,256.5632780119258,17,Caleb Williams,CHI
36,00-0029604,QB,255.8622688678653,17,Kirk Cousins,LV
37,00-0035659,WR,255.23042522443632,20,Terry McLaurin,WAS
38,00-0036223,RB,255.22023402071687,17,Jonathan Taylor,IND
39,00-0036358,WR,253.7895945233285,16,CeeDee Lamb,DAL
40,00-0030506,TE,250.56068771898572,20,Travis Kelce,KC
41,00-0036912,WR,250.47251940679075,19,DeVonta Smith,PHI
42,00-0036900,WR,249.32511439960774,17,Ja'Marr Chase,CIN
43,00-0035700,RB,248.1247015459441,18,Josh Jacobs,GB
44,00-0038134,RB,243.2946625227957,16,Kenneth Walker III,KC
45,00-0036555,RB,242.13420731955938,16,Chuba Hubbard,CAR
46,00-0032950,QB,241.38774957521815,20,Carson Wentz,MIN
47,00-0035261,RB,239.98888413555522,17,Tony Pollard,TEN
48,00-0033553,RB,237.84022031060692,17,James Conner,ARI
49,00-0023459,QB,237.05494695634133,17,Aaron Rodgers,PIT
50,00-0029263,QB,236.8815028331191,16,Russell Wilson,NYG
51,00-0037238,WR,236.17675901639373,17,Drake London,ATL
52,00-0039040,RB,235.78657512452907,17,De'Von Achane,MIA
53,00-0033908,WR,233.8412061423816,16,Cooper Kupp,SEA
54,00-0036410,WR,230.5771628826397,17,Tee Higgins,CIN
55,00-0034827,WR,230.14879415759867,17,D.J. Moore,BUF
56,00-0031280,QB,229.8786721739248,17,Derek Carr,
57,00-0037744,TE,229.74872602216507,17,Trey McBride,ARI
58,00-0035640,WR,228.40978127322134,17,DK Metcalf,PIT
59,00-0038597,RB,227.81496114984964,17,Chase Brown,CIN
60,00-0034348,WR,226.992889799377,18,Courtland Sutton,DEN
61,00-0037247,WR,226.49929343257247,18,George Pickens,DAL
62,00-0031381,WR,224.42690262028083,16,Davante Adams,LAR
63,00-0038543,WR,223.68716126856373,17,Jaxon Smith-Njigba,SEA
64,00-0037746,RB,223.61931426228884,20,Brian Robinson,ATL
65,00-0033040,WR,223.46737756341582,17,Tyreek Hill,
66,00-0035685,RB,223.4583351227924,18,David Montgomery,HOU
67,00-0036945,QB,222.30748565049436,18,Justin Fields,KC
68,00-0039338,TE,221.74207827644148,17,Brock Bowers,LV
69,00-0037256,RB,220.6569949319005,18,Rachaad White,WAS
70,00-0031408,WR,220.08723760128225,18,Mike Evans,SF
71,00-0036893,RB,217.47059580676827,18,Najee Harris,LAC
72,00-0031544,WR,215.6155275282044,20,Amari Cooper,
73,00-0036309,WR,214.51302019996348,17,Darnell Mooney,NYG
74,00-0037261,WR,213.2791078022761,20,Khalil Shakir,BUF
75,00-0030279,WR,209.41865633495763,17,Keenan Allen,LAC
76,00-0036997,RB,208.7515975687512,18,Javonte Williams,DAL
77,00-0032436,QB,206.76185643046594,20,Jeff Driskel,WAS
78,00-0036275,RB,206.3515226710245,17,D'Andre Swift,CHI
79,00-0028118,QB,205.60068049780273,17,Tyrod Taylor,GB
80,00-0035282,QB,203.1827007842201,15,Easton Stick,ATL
81,00-0039075,WR,203.02917478058745,14,Puka Nacua,LAR
82,00-0034771,QB,202.9319143247325,17,Mason Rudolph,PIT
83,00-0036212,QB,201.91950562189265,13,Tua Tagovailoa,ATL
84,00-0033885,TE,200.83616788679637,17,David Njoku,
85,00-0026158,QB,200.6902015135561,17,Joe Flacco,CIN
86,00-0039361,RB,199.87975731536872,18,Bucky Irving,TB
87,00-0038117,WR,198.7500449828484,17,Wan'Dale Robinson,TEN
88,00-0038994,WR,197.9264455980324,18,Jordan Addison,MIN
89,00-0036973,RB,197.50906333683406,17,Travis Etienne,NO
90,00-0034837,WR,196.74122426066492,17,Calvin Ridley,TEN
91,00-0036252,WR,195.5564951122926,17,Michael Pittman,PIT
92,00-0039894,WR,193.05113509494677,20,Xavier Worthy,KC
93,00-0039152,QB,190.71757298849278,17,Will Levis,TEN
94,00-0039851,QB,190.66085883413697,17,Drake Maye,NE
95,00-0039150,QB,189.54115487887876,17,Bryce Young,CAR
96,00-0036875,RB,189.51209300459456,15,Rhamondre Stevenson,NE
97,00-0039893,WR,188.97751902434314,17,Brian Thomas Jr.,JAC
98,00-0038129,TE,188.46455773411074,18,Cade Otton,TB
99,00-0036259,WR,188.38494630817624,17,Jauan Jennings,SF
100,00-0027973,QB,188.3685216141203,17,Andy Dalton,PHI
101,00-0034960,WR,186.53895562755588,15,Jakobi Meyers,JAC
102,00-0036139,RB,185.91780176373592,17,Rico Dowdle,PIT
103,00-0036407,WR,185.44719662601304,17,Jerry Jeudy,CLE
104,00-0036971,QB,184.194271190688,13,Trevor Lawrence,JAC
105,00-0038041,TE,183.98573360559354,17,Jake Ferguson,DAL
106,00-0038997,WR,183.68863826528772,17,Josh Downs,IND
107,00-0039849,WR,182.99433534378161,17,Marvin Harrison Jr.,ARI
108,00-0038933,TE,182.14329724537276,20,Dalton Kincaid,BUF
109,00-0036550,WR,181.02163977148675,19,Rashod Bateman,BAL
110,00-0039165,RB,178.86300402369838,17,Zach Charbonnet,SEA
111,00-0039146,WR,176.7318747657404,18,Jayden Reed,GB
112,00-0039901,WR,176.67025142039236,20,Keon Coleman,BUF
113,00-0037013,QB,176.6536173962084,18,Zach Wilson,NO
114,00-0038102,QB,176.35066604016885,21,Kenny Pickett,CAR
115,00-0030061,TE,176.3371362488253,20,Zach Ertz,WAS
116,00-0038476,QB,173.65104077955908,17,Tommy DeVito,NE
117,00-0034975,RB,172.88085525046674,19,Justice Hill,BAL
118,00-0038977,WR,171.7836676569075,16,Tank Dell,HOU
119,00-0034407,WR,171.77544733889818,17,Ray-Ray McCloud,NYG
120,00-0036613,WR,171.2210172742428,17,Jaylen Waddle,DEN
121,00-0035100,QB,170.55447455356057,17,Jake Browning,TB
122,00-0032775,WR,170.50770473027575,19,Demarcus Robinson,SF
123,00-0038416,QB,170.0902018723496,17,Tyson Bagent,CHI
124,00-0038128,QB,168.40150312469785,18,Malik Willis,MIA
125,00-0037816,WR,166.9349982898554,17,Romeo Doubs,NE
126,00-0033288,TE,166.8265604584425,14,George Kittle,SF
127,00-0035264,QB,165.3348011439516,18,Jarrett Stidham,DEN
128,00-0038544,WR,164.96780283846618,18,Quentin Johnston,LAC
129,00-0031503,QB,164.57301494532297,17,Jameis Winston,NYG
130,00-0033119,QB,164.24561743505225,17,Jacoby Brissett,ARI
131,00-0039065,TE,164.23490923354325,18,Sam LaPorta,DET
132,00-0039384,RB,163.27727423432614,17,Tyrone Tracy,NYG
133,00-0037267,RB,161.4163500582145,17,Jerome Ford,WAS
134,00-0035719,WR,160.85304336043805,14,Deebo Samuel,WAS
135,00-0033090,TE,160.16704852458054,17,Hunter Henry,NE
136,00-0033923,RB,159.6298422890256,15,Kareem Hunt,KC
137,00-0035710,QB,159.0934504208655,11,Daniel Jones,IND
138,00-0039376,QB,158.9926230029863,17,Spencer Rattler,NO
139,00-0038559,WR,158.91485938202544,17,Michael Wilson,ARI
140,00-0033858,TE,158.3597452393016,17,Jonnu Smith,
141,00-0039919,WR,157.68958054339925,17,Rome Odunze,CHI
142,00-0036972,QB,157.19889328932078,17,Mac Jones,SF
143,00-0035250,RB,157.0961017057361,17,Devin Singletary,NYG
144,00-0032211,WR,156.0219425102536,17,Tyler Lockett,LV
145,00-0035535,WR,153.20404959611093,17,Darius Slayton,NYG
146,00-0039915,WR,153.089825573001,15,Ladd McConkey,LAC
147,00-0034383,TE,152.84295366493012,19,Dalton Schultz,HOU
148,00-0036158,RB,152.69039576449353,12,J.K. Dobbins,DEN
149,00-0033077,QB,151.41123523661147,10,Dak Prescott,DAL
150,00-0033881,TE,150.85829592345573,14,Evan Engram,DEN
151,00-0037664,WR,150.85004455245604,17,Alec Pierce,IND
152,00-0034955,QB,150.24581591353382,17,Brett Rypien,MIN
153,00-0033319,QB,150.19776730900784,18,Nick Mullens,JAC
154,00-0037077,QB,149.20433037486112,17,Sam Howell,DAL
155,00-0038563,WR,148.7844062167763,17,Tre Tucker,LV
156,00-0035704,QB,148.46581755145314,17,Drew Lock,SEA
157,00-0037228,RB,147.92303046628166,18,Jaylen Warren,PIT
158,00-0038621,WR,145.97783204918642,17,Demario Douglas,NE
159,00-0037838,TE,145.37911152645947,19,Isaiah Likely,NYG
160,00-0033949,QB,145.05364035163646,14,Joshua Dobbs,
161,00-0038124,WR,144.80022726967536,18,Christian Watson,GB
162,00-0034351,TE,143.81288207192173,14,Dallas Goedert,PHI
163,00-0030564,WR,143.26022801415309,19,DeAndre Hopkins,BAL
164,00-0036980,WR,142.8045447891121,17,Elijah Moore,PHI
165,00-0038996,TE,142.03652223230478,18,Tucker Kraft,GB
166,00-0039342,WR,141.9308907983023,17,Xavier Legette,CAR
167,00-0038579,QB,141.68735924475632,13,Aidan O'Connell,LV
168,00-0039424,WR,141.5902756822276,18,Devaughn Vele,NO
169,00-0039855,WR,140.7560174339964,18,Jalen McMillan,TB
170,00-0033662,QB,140.31691485190916,17,Cooper Rush,
171,00-0031345,QB,139.83136870442982,16,Jimmy Garoppolo,LAR
172,00-0038619,WR,139.7943887978613,17,Andrei Iosivas,CIN
173,00-0036988,WR,138.78631654009308,17,Joshua Palmer,BUF
174,00-0034753,TE,137.57022286377054,19,Mark Andrews,BAL
175,00-0036894,TE,137.08413562030688,18,Pat Freiermuth,PIT
176,00-0035208,WR,137.03528531415657,20,Olamide Zaccheaus,ATL
177,00-0032268,QB,136.93887652844407,13,Marcus Mariota,WAS
178,00-0034829,TE,136.59461500974217,17,Mike Gesicki,CIN
179,00-0033555,WR,136.49506100786448,20,Mack Hollins,NE
180,00-0031687,RB,136.09686390751955,17,Raheem Mostert,LV
181,00-0036898,QB,135.68660446134385,19,Davis Mills,HOU
182,00-0038555,RB,135.06620704993844,17,Tank Bigsby,PHI
183,00-0037666,WR,134.8919331924531,17,Jalen Tolbert,MIA
184,00-0038583,QB,134.86294406815477,17,Dorian Thompson-Robinson,
185,00-0036554,WR,134.35944985247298,10,Nico Collins,HOU
186,00-0033699,RB,134.08507425711423,13,Austin Ekeler,WAS
187,00-0035289,QB,133.85994503050847,12,Gardner Minshew,ARI
188,00-0039032,RB,132.58875422059432,17,Tyjae Spears,TEN
189,00-0036244,TE,130.63156209298913,19,Colby Parkinson,LAR
190,00-0033282,WR,130.10708389415683,20,Curtis Samuel,
191,00-0033869,QB,130.0494929847188,20,Mitchell Trubisky,TEN
192,00-0036970,TE,129.86567664382312,17,Kyle Pitts,ATL
193,00-0036290,TE,128.92215783047038,17,Cole Kmet,CHI
194,00-0033857,WR,128.62451042981564,20,JuJu Smith-Schuster,KC
195,00-0039751,WR,127.60790707403868,18,Jordan Whittington,LAR
196,00-0037525,RB,126.33420871504765,13,Jordan Mason,MIN
197,00-0038393,WR,125.87353749011768,18,Dontayvion Wicks,PHI
198,00-0037741,WR,125.4126254008116,21,Jahan Dotson,ATL
199,00-0031800,QB,124.66623513749614,15,Taylor Heinicke,
200,00-0038794,RB,124.27779468337403,18,Jaleel McLaughlin,DEN
201,00-0035537,RB,123.8979741787935,20,Ty Johnson,BUF
202,00-0037240,WR,123.19079749681825,10,Jameson Williams,DET
203,00-0036919,RB,123.06564512365927,21,Kenneth Gainwell,TB
204,00-0035500,WR,122.32338352747563,17,Greg Dortch,DET
205,00-0035644,TE,121.97760160329275,17,Noah Fant,NO
206,00-0034159,TE,121.84821275598196,18,Will Dissly,
207,00-0034270,TE,121.43636309729108,17,Tyler Conklin,DET
208,00-0036849,WR,121.25996053566904,19,Tutu Atwell,MIA
209,00-0037263,RB,119.62430219927984,17,Tyler Allgeier,ARI
210,00-0039875,RB,119.31193537194972,20,Ray Davis,BUF
211,00-0036040,TE,118.77081066193956,17,Juwan Johnson,NO
212,00-0036637,TE,118.13134228517394,20,Noah Gray,KC
213,00-0037327,QB,117.63901915720325,14,Skylar Thompson,BAL
214,00-0037197,RB,117.63173500216055,11,Isiah Pacheco,DET
215,00-0037837,WR,117.1166791271894,18,Calvin Austin III,NYG
216,00-0031588,WR,116.66030423834397,9,Stefon Diggs,
217,00-0036427,WR,115.7845225911565,18,Tyler Johnson,DAL
218,00-0036328,RB,114.02942884303951,17,Antonio Gibson,
219,00-0036414,RB,113.95309593453803,18,Cam Akers,
220,00-0037291,WR,112.99319971822379,18,Jalen Nailor,LV
221,00-0036251,RB,112.62193631403754,10,Zack Moss,
222,00-0033921,WR,112.37723786458014,8,Chris Godwin,TB
223,00-0038998,QB,112.32531701958241,17,Jake Haener,
224,00-0033536,WR,112.24850953940059,19,Mike Williams,
225,00-0037276,RB,111.91385373122893,18,Ty Chandler,NO
226,00-0033537,QB,111.32377136670601,8,Deshaun Watson,CLE
227,00-0036182,WR,111.10386100324935,17,Nick Westbrook-Ikhine,IND
228,00-0033009,WR,110.39396426630975,17,Tyler Boyd,
229,00-0037091,WR,109.40607957225696,18,,
230,00-0039398,QB,109.03116884812562,17,Joe Milton,DAL
231,00-0036415,WR,108.97637073737215,18,Van Jefferson,WAS
232,00-0032104,RB,108.86357394063666,17,Ameer Abdullah,IND
233,00-0034386,WR,108.46807542138798,20,Justin Watson,HOU
234,00-0033526,RB,107.67667795069653,20,Samaje Perine,CIN
235,00-0038400,QB,106.74767654741684,17,Tanner McKee,PHI
236,00-0039355,WR,106.50346037459643,20,Luke McCaffrey,WAS
237,00-0039794,RB,106.4445120034551,17,Braelon Allen,NYJ
238,00-0035229,TE,106.24400235019264,10,T.J. Hockenson,MIN
239,00-0038976,WR,104.7212321341193,18,Marvin Mims,DEN
240,00-0038935,TE,103.26671197335618,17,Brenton Strange,JAC
241,00-0038608,WR,103.24841216103485,16,Kayshon Boutte,NE
242,00-0038582,QB,102.98397216030966,17,Clayton Tune,
243,00-0036626,WR,102.7547927055208,19,Dyami Brown,WAS
244,00-0037086,TE,102.69561741656933,21,Grant Calcaterra,PHI
245,00-0034521,WR,100.6972065369085,10,Allen Lazard,
246,00-0039021,RB,100.42383940290912,17,Roschon Johnson,CHI
247,00-0039917,QB,100.1451027706238,17,Michael Penix Jr.,ATL
248,00-0037801,WR,99.66387305450677,17,KaVontae Turpin,DAL
249,00-0035216,WR,99.43588316320117,9,Diontae Johnson,
250,00-0034972,RB,99.27408224752008,12,Alexander Mattison,MIA
251,00-0038547,TE,99.22502888338599,17,Luke Schoonmaker,DAL
252,00-0037809,TE,98.88701896576863,17,Chigoziem Okonkwo,WAS
253,00-0035406,WR,98.72195200273553,18,Lil'Jordan Humphrey,DEN
254,00-0038797,RB,98.01211174912726,18,Emanuel Wilson,SEA
255,00-0034418,WR,97.6885076174161,17,Cedrick Wilson,MIA
256,00-0034577,QB,97.37445670940032,18,Kyle Allen,BUF
257,00-0038040,RB,97.02826060568196,12,Zamir White,
258,00-0037239,WR,96.7003174495723,10,Chris Olave,NO
259,00-0038951,RB,96.58429208244902,18,Sean Tucker,TB
260,00-0039623,WR,95.91852084993677,17,Mason Tipton,NO
261,00-0036261,WR,95.63292311380906,8,Brandon Aiyuk,SF
262,00-0033591,WR,95.2700630451455,13,Noah Brown,WAS
263,00-0039868,WR,94.48389032457156,18,Troy Franklin,DEN
264,00-0038618,WR,93.99818088606808,19,Xavier Hutchinson,HOU
265,00-0033589,WR,93.45175057546346,17,David Moore,CAR
266,00-0036345,WR,93.23262503478311,18,K.J. Osborn,TEN
267,00-0039363,RB,93.20851351989755,17,Isaac Guerendo,SF
268,00-0039880,WR,93.1461390052171,17,Malik Washington,MIA
269,00-0030431,WR,92.54797165898381,19,Robert Woods,
270,00-0039890,WR,92.17665812818106,17,Adonai Mitchell,NYJ
271,00-0038606,WR,91.90191731825544,17,Parker Washington,JAC
272,00-0031549,WR,91.41699885477945,19,Nelson Agholor,
273,00-0039052,WR,91.3863177952299,18,Trey Palmer,NO
274,00-0034981,TE,91.248575242779,17,Foster Moreau,HOU
275,00-0039325,RB,90.78904749759944,20,Carson Steele,PHI
276,00-0039062,WR,90.76847729893034,16,Jonathan Mingo,DAL
277,00-0035689,TE,90.50313769602516,20,Dawson Knox,BUF
278,00-0038979,WR,90.43167959348807,13,Cedric Tillman,CLE
279,00-0034613,TE,90.2855141377516,17,Tanner Hudson,CIN
280,00-0037258,RB,89.93925456281617,19,Dameon Pierce,PHI
281,00-0039907,WR,89.56765024626976,17,Ja'Lynn Polk,NO
282,00-0032434,QB,89.42168773885226,17,Brandon Allen,NYG
283,00-0032385,WR,89.04988316626884,12,Sterling Shepard,TB
284,00-0033854,RB,87.9963258593839,19,Dare Ogunbowale,HOU
285,00-0032392,TE,87.9809891877468,17,Austin Hooper,ATL
286,00-0037005,TE,87.75034522314816,17,Tommy Tremble,CAR
287,00-0034364,TE,87.67632567168606,17,Jordan Akins,JAC
288,00-0035567,RB,87.61402926889248,18,Craig Reynolds,NE
289,00-0036196,WR,86.94976138919591,11,Gabriel Davis,BUF
290,00-0037120,RB,86.82910768362915,17,Tyler Goodson,ATL
291,00-0036879,QB,86.4625194992203,17,Sam Ehlinger,DEN
292,00-0039236,WR,86.34832443168303,21,Johnny Wilson,PHI
293,00-0033045,RB,86.13834295605652,14,Ezekiel Elliott,
294,00-0036630,WR,85.37383074329534,19,Tylan Wallace,CLE
295,00-0033246,TE,84.5560826411177,18,Johnny Mundt,PHI
296,00-0036984,RB,84.52797594510224,17,Trey Sermon,PIT
297,00-0035249,TE,84.42534693874543,17,Josh Oliver,MIN
298,00-0038938,WR,84.18303077678705,17,Jalin Hyatt,NYG
299,00-0039521,WR,83.77677536857006,15,Xavier Weaver,ARI
300,00-0038573,WR,83.63351842852468,18,Derius Davis,LAC
301,00-0034775,WR,83.42835612147849,9,Christian Kirk,SF
302,00-0038496,WR,83.14505056271659,17,Xavier Gipson,NYG
303,00-0037252,TE,82.11461666845771,16,Greg Dulcich,MIA
304,00-0035140,WR,81.76674872732426,13,Mecole Hardman,BUF
305,00-0037012,QB,81.62988346862652,14,Trey Lance,LAC
306,00-0038465,WR,81.41748302817595,18,Malik Heath,ATL
307,00-0030578,RB,81.32804586645761,18,Cordarrelle Patterson,
308,00-0037614,WR,80.99067742245269,15,John Metchie,CAR
309,00-0039792,WR,80.85334579782234,19,Devontez Walker,BAL
310,00-0038098,RB,79.48397618554219,17,Pierre Strong Jr.,GB
311,00-0039365,WR,78.9624137941896,17,Jacob Cowing,SF
312,00-0033955,RB,78.42373617530882,20,Jeremy McNichols,WAS
313,00-0033948,RB,77.6965448675508,17,Jamaal Williams,
314,00-0039738,RB,77.47879502483323,18,Blake Corum,LAR
315,00-0034854,WR,76.94198357936752,17,KhaDarel Hodge,
316,00-0033375,WR,76.45087988415457,10,Tim Patrick,JAC
317,00-0039391,RB,76.09002317778355,17,Kimani Vidal,LAC
318,00-0036928,QB,75.92778432491502,18,Kyle Trask,ATL
319,00-0035631,TE,75.72607181688198,17,Drew Sample,CIN
320,00-0038576,WR,75.53001685667127,17,Charlie Jones,CIN
321,00-0038640,WR,75.4991350382575,17,Jalen Brooks,ARI
322,00-0032128,WR,75.49041010280072,17,Chris Conley,
323,00-0039810,WR,74.96847066349436,17,Jermaine Burton,
324,00-0038752,WR,74.48886633864117,17,Jake Bobo,SEA
325,00-0039410,WR,74.291917144102,17,Ryan Flournoy,DAL
326,00-0033307,WR,74.27186500235156,11,Kendrick Bourne,ARI
327,00-0037545,WR,74.04900817153576,7,Rashid Shaheed,SEA
328,00-0039847,TE,73.41038456885556,13,Theo Johnson,NYG
329,00-0036635,WR,73.31240807959239,15,Ihmir Smith-Marsette,ARI
330,00-0036754,TE,73.16664331800854,18,Brock Wright,DET
331,00-0034487,WR,72.5861637520871,18,Trent Sherfield,BUF
332,00-0034646,WR,72.44913633122698,18,Brandon Powell,
333,00-0039067,WR,72.02064476112581,5,Rashee Rice,KC
334,00-0035021,WR,71.8611428552311,17,Ashton Dulin,IND
335,00-0038108,QB,71.78555459889807,8,Bailey Zappe,NYJ
336,00-0038122,QB,71.37402160289979,8,Desmond Ridder,
337,00-0035993,QB,71.07893650112659,6,Tyler Huntley,BAL
338,00-0035298,WR,71.04826084451312,18,Scotty Miller,PIT
339,00-0038705,RB,70.87877472878029,14,Emari Demercado,KC
340,00-0038550,QB,70.68478873825663,18,Hendon Hooker,TEN
341,00-0032464,WR,69.78274862926695,12,Kalif Raymond,CHI
342,00-0038941,WR,69.75194484316327,17,Tyler Scott,LAR
343,00-0039874,RB,69.70615016546161,17,Jaylen Wright,MIA
344,00-0039356,TE,69.19777164002139,17,Ja'Tavion Sanders,CAR
345,00-0035628,RB,68.97843754001813,17,D'Ernest Johnson,NE
346,00-0034272,WR,68.39706383521279,11,Marquez Valdes-Scantling,DAL
347,00-0039491,WR,68.36010655469892,10,Jalen Coker,CAR
348,00-0039074,TE,68.12918459837906,18,Davis Allen,LAR
349,00-0039921,RB,67.53809074519145,16,Trey Benson,ARI
350,00-0033925,RB,67.23637698187035,17,D'Onta Foreman,
351,00-0031763,WR,66.66320543261159,14,DeAndre Carter,CLE
352,00-0037805,TE,65.49550035488956,17,Jeremy Ruckert,NYJ
353,00-0037539,TE,65.41410328956984,18,Lucas Krull,DEN
354,00-0035243,RB,64.96530590570664,10,Miles Sanders,DAL
355,00-0037475,TE,64.14865998663566,18,Stone Smartt,PHI
356,00-0036628,TE,64.01660494420521,20,John Bates,WAS
357,00-0039392,WR,63.82999048954957,17,Jha'Quan Jackson,JAC
358,00-0033217,TE,63.49179142365855,17,Mo Alie-Cox,IND
359,00-0033280,RB,63.40597468073443,4,Christian McCaffrey,SF
360,00-0026300,QB,63.083454503195846,19,Josh Johnson,CIN
361,00-0039816,WR,63.015444270373216,17,Anthony Gould,IND
362,00-0036497,WR,62.55497229062609,17,Tim Jones,JAC
363,00-0034184,RB,62.47483934872867,9,Gus Edwards,
364,00-0038558,TE,62.10382670926425,18,Darnell Washington,PIT
365,00-0036527,WR,62.025921566953556,13,DJ Turner,LV
366,00-0038396,RB,61.584650823669996,17,Eric Gray,NYG
367,00-0035341,WR,61.03694134272135,13,Trenton Irwin,NYJ
368,00-0036906,RB,60.98763515702695,15,Khalil Herbert,NYJ
369,00-0039050,TE,60.925273893458375,18,Payne Durham,TB
370,00-0037557,RB,60.40171755842845,19,Ronnie Rivers,LAR
371,00-0039793,TE,60.210765445161464,17,AJ Barner,SEA
372,00-0036876,TE,60.11039372660237,17,Kylen Granson,TEN
373,00-0034177,QB,60.1016407652569,7,Tim Boyle,
374,00-0034115,RB,59.98091793793962,16,Jeffery Wilson,MIA
375,00-0039041,TE,59.89591408851827,17,Elijah Higgins,ARI
376,00-0039920,WR,59.71958489203611,17,Malachi Corley,CLE
377,00-0039798,RB,59.66550883640166,17,Isaiah Davis,NYJ
378,00-0039746,RB,58.97321639080341,21,Will Shipley,PHI
379,00-0036422,TE,58.90761676684054,18,Adam Trautman,DEN
380,00-0036232,TE,58.62778518392561,15,Harrison Bryant,SEA
381,00-0038720,TE,57.488992459443715,17,Julian Hill,NE
382,00-0033576,TE,57.41758930269175,17,Eric Saubert,SEA
383,00-0036887,TE,57.06804335738147,17,Luke Farrell,SF
384,00-0036429,TE,56.71809176115833,17,Charlie Woerner,ATL
385,00-0038389,RB,56.679256550849985,13,Israel Abanikanda,DAL
386,00-0038115,TE,56.59521353380599,17,Daniel Bellinger,TEN
387,00-0034928,WR,56.514208792669024,15,Steven Sims,ARI
388,00-0035806,RB,55.840283966026455,17,JaMycal Hasty,
389,00-0035662,WR,55.70217340428655,7,Marquise Brown,PHI
390,00-0039379,WR,55.25990356464235,13,Jamari Thrash,CLE
391,00-0037304,TE,54.852819543088266,18,Connor Heyward,LV
392,00-0038685,RB,54.700095703004315,14,Chris Brooks,GB
393,00-0039853,WR,54.41343297369037,17,Javon Baker,SF
394,00-0033251,WR,54.17050215492764,17,Zach Pascal,
395,00-0033891,WR,53.46131052037255,10,Zay Jones,ARI
396,00-0034798,TE,53.188142196469734,17,Durham Smythe,BAL
397,00-0031585,TE,53.037342911097355,18,MyCole Pruitt,
398,00-0038359,WR,52.81900549541833,14,Xavier Smith,LAR
399,00-0039373,RB,52.737997606818915,13,Audric Estime,NO
400,00-0033943,WR,52.248571174612486,6,Josh Reynolds,NYJ
401,00-0039451,WR,52.18513392877187,9,Isaiah Williams,NYJ
402,00-0039107,QB,51.7238396010839,9,Stetson Bennett,LAR
403,00-0038647,WR,51.71357154313931,12,Ronnie Bell,NO
404,00-0038477,WR,51.489633721431865,17,Bryce Ford-Wheaton,NYG
405,00-0039066,TE,50.98807398958615,11,Michael Mayer,LV
406,00-0031236,WR,50.429086268119455,5,Brandin Cooks,BUF
407,00-0038046,TE,50.33928011486205,13,Charlie Kolar,LAC
408,00-0039394,WR,50.30634518334013,15,Casey Washington,ATL
409,00-0033895,TE,50.24240720118917,17,Gerald Everett,
410,00-0037093,WR,49.75739184419168,17,Dareke Young,LV
411,00-0033439,TE,49.60214224412578,17,Pharaoh Brown,ARI
412,00-0037429,RB,49.18685976141124,17,Raheem Blackshear,NYJ
413,00-0039543,WR,48.94629904907158,12,Ramel Keyton,
414,00-0036268,WR,48.86072594119202,13,Laviska Shenault,
415,00-0034791,RB,48.71520812518222,6,Nick Chubb,HOU
416,00-0036590,TE,48.238907676163215,20,Quintin Morris,JAC
417,00-0038589,TE,47.782682963433764,14,Josh Whyle,GB
418,00-0034830,TE,47.75017731378932,11,Hayden Hurst,
419,00-0038622,RB,47.42632606836473,17,Deuce Vaughn,DEN
420,00-0039814,TE,47.385544489636835,10,Erick All,CIN
421,00-0038104,WR,47.1711222000841,11,Tyquan Thornton,KC
422,00-0032394,TE,46.6851178356864,17,Nick Vannett,LAR
423,00-0036425,RB,46.52171823954065,17,DeeJay Dallas,JAC
424,00-0038636,RB,46.36292823073615,17,Kenny McIntosh,SEA
425,00-0039747,WR,45.29416530722057,10,Ainias Smith,CAR
426,00-0035291,RB,44.76957378187888,17,Trayveon Williams,CLE
427,00-0036950,RB,44.71770820882403,17,Avery Williams,NYJ
428,00-0039530,TE,44.55720595957715,17,Brevyn Spann-Ford,DAL
429,00-0037132,WR,44.30473019508976,9,Britain Covey,PHI
430,00-0038809,TE,44.288305577196354,18,Ben Sims,MIA
431,00-0037594,RB,44.09758781487292,17,Julius Chestnut,TEN
432,00-0037292,TE,44.06968364897663,17,Drew Ogletree,IND
433,00-0038821,WR,43.44241823741494,9,Rakim Jarrett,PIT
434,00-0038394,TE,42.610648903967174,17,Will Mallory,IND
435,00-0036646,WR,41.898630933030006,9,Simi Fehoko,ARI
436,00-0038678,RB,41.3229667812061,15,Jordan Mims,TEN
437,00-0038824,WR,41.216105899931975,9,Ryan Miller,NYG
438,00-0039364,RB,41.01421605771049,15,Sione Vaki,DET
439,00-0039386,WR,40.60883925970113,9,Bub Means,NO
440,00-0039916,WR,40.593279616125855,6,Ricky Pearsall,SF
441,00-0039359,TE,40.540514938787005,15,Cade Stover,HOU
442,00-0037156,WR,39.62944330750959,14,Irvin Charles,
443,00-0038454,RB,39.56571438509656,6,Keaton Mitchell,LAC
444,00-0038783,TE,39.32941188775615,18,Nate Adkins,DEN
445,00-0031941,WR,38.509567974566295,9,Jamison Crowder,
446,00-0035891,WR,38.382974630194276,6,Cody White,SEA
447,00-0031235,WR,38.285668085437415,9,Odell Beckham,
448,00-0037004,TE,38.00644728068069,18,Hunter Long,JAC
449,00-0037617,RB,37.59326076802377,15,Hassan Haskins,LAC
450,00-0038611,RB,36.80882272906625,9,Chris Rodriguez,JAC
451,00-0039912,TE,36.216901066350715,20,Ben Sinnott,WAS
452,00-0031428,WR,35.7739899162689,10,Allen Robinson,
453,00-0033357,TE,35.29204858010135,8,Taysom Hill,NO
454,00-0037742,WR,35.09068689526268,6,Treylon Burks,WAS
455,00-0036741,TE,33.55449899885072,11,Jack Stoll,CLE
456,00-0030035,WR,33.402386149442975,4,Adam Thielen,
457,00-0035973,RB,33.289867127795574,10,Patrick Taylor,SF
458,00-0035215,WR,31.98744537145226,7,Deonte Harty,
459,00-0034419,WR,31.67284308714789,7,Braxton Berrios,HOU
460,00-0038519,WR,30.96498044814903,7,Nikko Remigio,KC
461,00-0038612,WR,30.44208484096189,5,A.T. Perry,PIT
462,00-0032398,WR,29.9606650932286,6,Chris Moore,WAS
463,00-0037745,RB,29.48557160158543,6,Velus Jones,SEA
464,00-0037348,WR,28.659053335292242,10,Tanner Conner,NYG
465,00-0039589,WR,28.522908880861713,7,Kameron Johnson,TB
466,00-0039739,WR,28.173008821400067,6,Roman Wilson,PIT
467,00-0034054,WR,28.032604136642338,8,River Cracraft,WAS
468,00-0034073,TE,27.39432431053336,17,Ross Dwelley,CAR
469,00-0038090,WR,27.381159317956374,7,Skyy Moore,GB
470,00-0039393,RB,27.287715518742385,10,Jase McClellan,
471,00-0036862,WR,27.23560357713701,8,Ben Skowronek,PIT
472,00-0039415,WR,26.320768821682627,6,Brenden Rice,LV
473,00-0039144,TE,25.913214366539002,7,Luke Musgrave,GB
474,00-0036620,WR,25.746060152991884,7,Dee Eskridge,MIA
475,00-0032156,QB,25.64963738241648,3,Trevor Siemian,TEN
476,00-0036332,TE,25.523142596764448,14,Josiah Deguara,ARI
477,00-0039737,TE,24.88138337117844,17,Tip Reiman,ARI
478,00-0037300,WR,23.948980549184824,4,Michael Woods,GB
479,00-0039754,TE,23.923090044796634,18,Devin Culp,TB
480,00-0036877,WR,23.873279650563326,7,Jaelon Darden,
481,00-0033110,TE,23.71837215460334,4,Tyler Higbee,LAR
482,00-0036331,WR,23.432481375594136,6,Devin Duvernay,ARI
483,00-0037306,TE,23.330155704704985,11,John FitzPatrick,GB
484,00-0037569,TE,22.708823207109376,9,Peyton Hendershot,
485,00-0039703,RB,22.441414643125164,8,Cody Schrader,DEN
486,00-0034777,WR,22.439628306712482,5,D.J. Chark,
487,00-0036955,WR,20.83506121135364,5,Terrace Marshall,MIA
488,00-0037387,WR,20.430159300937643,6,Jalen Virgil,
489,00-0039399,TE,19.587946379497804,17,Tanner McLachlan,LAC
490,00-0035594,RB,19.527466812630905,12,Travis Homer,PIT
491,00-0036510,TE,19.167430861753793,8,Kenny Yeboah,
492,00-0039573,RB,19.074410321743127,8,Blake Watson,
493,00-0039686,RB,18.432768283902252,10,Colson Yankoff,WAS
494,00-0039407,RB,18.245973687579696,15,Dylan Laube,LV
495,00-0037311,TE,18.007080809480108,18,Ko Kieft,TB
496,00-0034860,WR,17.82769055411429,4,Dante Pettis,NO
497,00-0035934,WR,17.703262431200038,5,Trishton Jackson,
498,00-0034401,QB,17.554106151331318,5,Mike White,
499,00-0037509,RB,17.533809707269864,3,Sincere McCormick,SF
500,00-0031484,TE,17.37474111936343,17,Chris Manhertz,NYG
501,00-0024243,TE,16.86648677658335,17,Marcedes Lewis,DEN
502,00-0036360,RB,16.03560660271797,5,Clyde Edwards-Helaire,KC
503,00-0039650,WR,15.877825518199206,5,Bryce Oliver,TEN
504,00-0039796,RB,14.913013042191793,6,Rasheen Ali,BAL
505,00-0038507,WR,14.373463757710288,3,Grant Dubose,
506,00-0039603,RB,14.11074446596331,6,British Brooks,HOU
507,00-0036463,WR,13.769006627623785,4,Chris Blair,ATL
508,00-0039824,TE,13.738440392955749,8,Jared Wiley,KC
509,00-0037450,RB,13.034664619528467,9,Tyreik McAllister,
510,00-0035544,WR,13.027774238457443,3,Tom Kennedy,DET
511,00-0032543,WR,12.351976549171276,2,Alex Erickson,
512,00-0032134,TE,12.279200738728985,6,C.J. Uzomah,
513,00-0037654,TE,11.84644772955068,5,Tucker Fisk,LAC
514,00-0037112,TE,11.803300418482607,17,Jake Tonges,SF
515,00-0037422,WR,11.668550049980539,2,Kendric Pryor,CIN
516,00-0036825,TE,11.635510760027714,12,Feleipe Franks,CAR
517,00-0036556,TE,11.603813667728568,3,Brevin Jordan,HOU
518,00-0039811,RB,11.582581257059267,3,MarShawn Lloyd,GB
519,00-0037231,WR,11.044902323905617,2,Kevin Austin,NO
520,00-0039677,QB,10.899602455086727,2,Sam Hartman,WAS
521,00-0036534,TE,10.135417766813141,3,Shane Zylstra,DET
522,00-0038710,TE,9.871576803159934,5,Blake Whiteheart,CLE
523,00-0039613,TE,9.807791597249098,17,Dallin Holker,
524,00-0038498,TE,9.289361844018629,6,E.J. Jenkins,PHI
525,00-0034365,TE,9.183990830945005,3,Ian Thomas,LV
526,00-0036370,RB,9.1536051964144,5,Joshua Kelley,
527,00-0038551,RB,9.121253844255781,2,Kendre Miller,NO
528,00-0035645,WR,8.941955795451722,2,Gunner Olszewski,NYG
529,00-0035639,WR,8.93801567208505,2,Parris Campbell,DAL
530,00-0035572,TE,8.067170889687395,8,Parker Hesse,
531,00-0031690,TE,7.991820277385702,6,Eric Tomlinson,
532,00-0036924,RB,7.723431672754769,1,Michael Carter,TEN
533,00-0038488,TE,7.643464886490866,17,Brady Russell,SEA
534,00-0038456,TE,7.523394362063095,15,Travis Vokolek,ARI
535,00-0037277,TE,7.291435176318837,5,Teagan Quitoriano,ARI
536,00-0037609,RB,6.891711381357163,3,Aaron Shampklin,
537,00-0036640,TE,6.748426718686266,3,Zach Davidson,NYG
538,00-0036176,WR,6.73957069300279,2,Mason Kinsey,TEN
539,00-0037317,TE,6.723569314591792,4,Nick Muse,NYJ
540,00-0038728,WR,6.343255122232147,2,Jared Wayne,HOU
541,00-0038598,QB,6.317868195691507,1,Jaren Hall,
542,00-0032141,TE,6.285168968631586,3,Geoff Swaim,
543,00-0036254,WR,6.228257802813161,2,Collin Johnson,
544,00-0034970,TE,6.091063459146381,4,Irv Smith,
545,00-0036842,RB,5.711754381199116,3,Kene Nwangwu,NYJ
546,00-0035547,TE,5.688095090810305,3,Jody Fortson,
547,00-0036096,RB,5.191641642596586,2,J.J. Taylor,
548,00-0039757,RB,4.7569532323574135,2,Terrell Jennings,NE
549,00-0034808,RB,4.610799888196723,3,John Kelly,
550,00-0036387,WR,4.609164602389686,1,Jalen Reagor,
551,00-0033455,TE,4.563582664826364,4,Anthony Firkser,DET
552,00-0039420,TE,4.554646505276453,17,Jaheim Bell,PIT
553,00-0038741,TE,4.531308084667937,6,John Stephens Jr.,
554,00-0039648,TE,4.351214985086719,17,David Martin-Robinson,TEN
555,00-0037085,RB,4.22218882561831,1,Tyler Badie,DEN
556,00-0038930,RB,4.107990776365861,1,Carlos Washington,ATL
557,00-0039614,WR,3.9666733754169727,1,Jermaine Jackson,
558,00-0038145,TE,3.948023735511054,8,,
559,00-0039471,RB,3.840737140438974,1,Frank Gore Jr.,BUF
560,00-0036133,WR,3.81954003580581,1,James Proche,TEN
561,00-0036913,WR,3.6753123233560334,1,Kadarius Toney,
562,00-0037451,TE,3.2758414524014166,4,,
563,00-0038643,TE,2.688435864069501,6,Brayden Willis,SF
564,00-0039458,TE,2.487576802223521,7,Brenden Bates,CLE
565,00-0035311,RB,2.200832836363507,2,Myles Gaskin,SEA
566,00-0031299,TE,2.0738559977445084,3,Jordan Matthews,
567,00-0034208,RB,1.8217554739630406,1,Mike Boone,
568,00-0039316,TE,1.6452012208829132,1,Baylor Cupp,
569,00-0038920,TE,1.5979788093553307,4,John Samuel Shenker,
570,00-0038397,RB,1.1898003717151797,1,Evan Hull,
571,00-0038590,TE,0.9648481953207887,8,Justin Shorter,LV
572,00-0039275,TE,0.6078975475070159,4,,
