player,position,max_bid,espn_price,value_gap,proj_pts,adp,gsis_id
Jahmyr Gibbs,RB,69,64,-5,303,2.405,00-0039139
Bijan Robinson,RB,68,63,-5,302,1.805,00-0038542
Christian McCaffrey,RB,61,55,-6,283,6.0600000000000005,00-0033280
Jonathan Taylor,RB,57,51,-6,268,8.03,00-0036223
James Cook III,RB,52,42,-10,252,11.53,00-0037248
Derrick Henry,RB,51,35,-16,248,26.575,00-0032764
De'Von Achane,RB,49,47,-2,241,14.045,00-0039040
Ashton Jeanty,RB,49,38,-11,241,14.495000000000001,00-0040122
Saquon Barkley,RB,48,37,-11,238,17.41,00-0034844
Omarion Hampton,RB,47,37,-10,234,19.564999999999998,00-0040666
Puka Nacua,WR,46,60,14,276,4.25,00-0039075
Chase Brown,RB,46,32,-14,233,24.615000000000002,00-0038597
Kenneth Walker III,RB,45,29,-16,230,21.32,00-0038134
Jeremiyah Love,RB,45,40,-5,229,19.015,99-8467088
Ja'Marr Chase,WR,43,59,16,265,4.015,00-0036900
Breece Hall,RB,42,27,-15,220,36.099999999999994,00-0038120
Josh Jacobs,RB,42,30,-12,219,27.23,00-0035700
Javonte Williams,RB,40,24,-16,214,41.78,00-0036997
Jaxon Smith-Njigba,WR,37,55,18,250,5.825,00-0038543
Kyren Williams,RB,37,23,-14,203,38.64,00-0037840
Amon-Ra St. Brown,WR,36,52,16,245,9.495,00-0036963
Travis Etienne Jr.,RB,36,18,-18,203,43.99,00-0036973
Cam Skattebo,RB,35,19,-16,199,51.235,00-0040715
Quinshon Judkins,RB,34,17,-17,194,62.485,00-0040784
CeeDee Lamb,WR,32,48,16,231,10.89,00-0036358
D'Andre Swift,RB,32,9,-23,189,67.455,00-0036275
Bucky Irving,RB,32,15,-17,188,42.945,00-0039361
Justin Jefferson,WR,29,47,18,221,12.41,00-0036322
Josh Allen,QB,28,30,2,382,25.924999999999997,00-0034857
David Montgomery,RB,28,9,-19,178,72.87,00-0035685
TreVeyon Henderson,RB,27,10,-17,174,57.525000000000006,00-0040734
Bhayshul Tuten,RB,27,8,-19,173,68.34,00-0040719
Jadarian Price,RB,26,10,-16,170,101.935,99-1580271
Drake London,WR,25,39,14,211,17.03,00-0037238
Trey McBride,TE,24,37,13,192,19.875,00-0037744
Nico Collins,WR,23,29,6,205,22.34,00-0036554
A.J. Brown,WR,23,29,6,203,28.92,00-0035676
Rashee Rice,WR,23,36,13,203,29.045,00-0039067
Brock Bowers,TE,23,31,8,188,24.979999999999997,00-0039338
Rhamondre Stevenson,RB,23,2,-21,161,95.92,00-0036875
Jaylen Warren,RB,23,4,-19,160,84.03999999999999,00-0037228
Tony Pollard,RB,23,5,-18,160,92.755,00-0035261
George Pickens,WR,22,26,4,201,25.315,00-0037247
Chuba Hubbard,RB,22,3,-19,158,90.795,00-0036555
Garrett Wilson,WR,21,25,4,196,39.59,00-0037740
J.K. Dobbins,RB,21,2,-19,155,108.275,00-0036158
Rico Dowdle,RB,21,2,-19,153,97.66499999999999,00-0036139
Zay Flowers,WR,20,19,-1,193,46.955,00-0039064
Kyle Monangai,RB,20,2,-18,153,103.08,00-0040236
Chris Olave,WR,19,24,5,194,29.794999999999998,00-0037239
Aaron Jones Sr.,RB,19,2,-17,148,110.245,00-0033293
Emeka Egbuka,WR,18,18,0,188,53.105000000000004,00-0040129
Tetairoa McMillan,WR,18,21,3,187,39.254999999999995,00-0040124
DeVonta Smith,WR,17,20,3,186,46.32,00-0036912
Colston Loveland,TE,16,14,-2,166,45.75,00-0040126
Lamar Jackson,QB,15,16,1,341,37.355000000000004,00-0034796
Drake Maye,QB,15,13,-2,340,48.065,00-0039851
Malik Nabers,WR,15,19,4,179,24.53,00-0039337
Tee Higgins,WR,15,13,-2,179,42.945,00-0036410
Terry McLaurin,WR,15,13,-2,178,55.065,00-0035659
Davante Adams,WR,15,16,1,177,46.215,00-0031381
Blake Corum,RB,15,1,-14,139,111.255,00-0039738
Kenny Gainwell,RB,15,2,-13,137,115.89,00-0036919
Ladd McConkey,WR,14,14,0,176,53.275,00-0039915
Jameson Williams,WR,14,10,-4,176,60.17,00-0037240
RJ Harvey,RB,14,2,-12,134,86.135,00-0040730
Jordan Mason,RB,14,1,-13,133,148.73000000000002,00-0037525
Jacory Croskey-Merritt,RB,14,1,-13,131,132.8,00-0040242
Tyler Warren,TE,13,14,1,159,52.15,00-0040128
Rachaad White,RB,13,2,-11,128,134.19,00-0037256
Jayden Daniels,QB,12,11,-1,331,57.575,00-0039910
Jalen Hurts,QB,12,11,-1,331,63.185,00-0036389
Jaylen Waddle,WR,12,12,0,169,53.755,00-0036613
Joe Burrow,QB,11,11,0,329,56.655,00-0036442
Rome Odunze,WR,11,8,-3,169,75.185,00-0039919
Luther Burden III,WR,11,8,-3,167,58.315,00-0040735
Sam LaPorta,TE,11,5,-6,152,83.1,00-0039065
Carnell Tate,WR,10,9,-1,163,61.629999999999995,99-0315675
Mike Evans,WR,10,7,-3,163,71.94,00-0031408
Alec Pierce,WR,10,3,-7,162,95.70500000000001,00-0037664
DJ Moore,WR,9,8,-1,161,63.43,00-0034827
Christian Watson,WR,9,3,-6,159,81.92500000000001,00-0038124
Harold Fannin Jr.,TE,9,6,-3,144,68.065,00-0040663
DK Metcalf,WR,8,5,-3,157,83.405,00-0035640
Brian Thomas Jr.,WR,8,3,-5,156,95.1,00-0039893
Kyle Pitts Sr.,TE,8,6,-2,142,73.585,00-0036970
Dak Prescott,QB,7,5,-2,315,96.35,00-0033077
Courtland Sutton,WR,7,5,-2,154,83.82,00-0034348
Parker Washington,WR,7,2,-5,154,105.09,00-0038606
Marvin Harrison Jr.,WR,7,5,-2,152,86.495,00-0039849
George Kittle,TE,7,4,-3,139,97.755,00-0033288
Tyjae Spears,RB,7,1,-6,111,153.07,00-0039032
Jaxson Dart,QB,6,6,0,314,77.03999999999999,00-0040691
Brock Purdy,QB,6,5,-1,312,102.745,00-0037834
Justin Herbert,QB,6,4,-2,312,102.955,00-0036355
Trevor Lawrence,QB,6,4,-2,312,103.895,00-0036971
Matthew Stafford,QB,6,5,-1,312,106.03,00-0026498
Bo Nix,QB,6,4,-2,312,119.05000000000001,00-0039732
Jordyn Tyson,WR,6,4,-2,150,83.635,99-7506565
Travis Kelce,TE,6,3,-3,136,104.24000000000001,00-0030506
Tucker Kraft,TE,6,3,-3,135,92.235,00-0038996
Caleb Williams,QB,5,5,0,309,94.625,00-0039918
Mark Andrews,TE,5,1,-4,134,124.53,00-0034753
Michael Pittman Jr.,WR,4,4,0,143,102.12,00-0036252
Patrick Mahomes,QB,3,5,2,303,106.465,00-0033873
Jakobi Meyers,WR,3,2,-1,142,97.03,00-0034960
Matthew Golden,WR,3,2,-1,142,143.87,00-0040667
Makai Lemon,WR,3,2,-1,141,97.925,99-8868180
Dallas Goedert,TE,3,2,-1,128,106.535,00-0034351
Jake Ferguson,TE,3,2,-1,127,109.78,00-0038041
Dalton Kincaid,TE,3,1,-2,125,121.97999999999999,00-0038933
Romeo Doubs,WR,2,1,-1,140,135.685,00-0037816
Jordan Addison,WR,2,1,-1,139,120.22,00-0038994
Xavier Worthy,WR,2,1,-1,139,131.685,00-0039894
Ricky Pearsall,WR,2,1,-1,138,109.65,00-0039916
Stefon Diggs,WR,2,,,138,125.9,00-0031588
Jayden Reed,WR,2,1,-1,138,136.26999999999998,00-0039146
Isaiah Likely,TE,2,2,0,123,126.585,00-0037838
Jared Goff,QB,1,1,0,297,140.475,00-0033106
Jordan Love,QB,1,0,-1,291,143.635,00-0036264
Baker Mayfield,QB,1,1,0,285,149.4,00-0034855
Tyler Shough,QB,1,1,0,275,150.2,00-0040743
Kyler Murray,QB,1,1,0,271,153.94,00-0035228
Sam Darnold,QB,1,0,-1,269,165.29500000000002,00-0034869
Daniel Jones,QB,1,0,-1,261,180.95,00-0035710
Malik Willis,QB,1,0,-1,254,152.85500000000002,00-0038128
C.J. Stroud,QB,1,0,-1,252,165.495,00-0039163
Bryce Young,QB,1,0,-1,244,181.635,00-0039150
Geno Smith,QB,1,0,-1,239,585.1,00-0030565
Cam Ward,QB,1,0,-1,233,178.25,00-0040676
Aaron Rodgers,QB,1,0,-1,211,584.55,00-0023459
Fernando Mendoza,QB,1,0,-1,209,176.71,99-2537889
Jacoby Brissett,QB,1,0,-1,190,185.91500000000002,00-0033119
Quentin Johnston,WR,1,1,0,136,128.39,00-0038544
Michael Wilson,WR,1,2,1,135,101.93,00-0038559
Chris Godwin Jr.,WR,1,1,0,133,103.86,00-0033921
Khalil Shakir,WR,1,1,0,133,134.485,00-0037261
Wan'Dale Robinson,WR,1,2,1,131,113.22,00-0038117
Tua Tagovailoa,QB,1,0,-1,130,203.67000000000002,00-0036212
KC Concepcion,WR,1,1,0,129,134.855,99-2585093
Josh Downs,WR,1,1,0,129,138.56,00-0038997
Jalen Coker,WR,1,1,0,126,150.685,00-0039491
Jayden Higgins,WR,1,0,-1,124,150.14499999999998,00-0040130
Hunter Henry,TE,1,1,0,121,133.335,00-0033090
Kenyon Sadiq,TE,1,1,0,119,132.745,99-2978284
Brenton Strange,TE,1,0,-1,119,141.125,00-0038935
Michael Penix Jr.,QB,1,0,-1,117,198.96,00-0039917
Deshaun Watson,QB,1,0,-1,117,584.6,00-0033537
Rashid Shaheed,WR,1,0,-1,114,167.83,00-0037545
T.J. Hockenson,TE,1,1,0,111,145.86,00-0035229
Juwan Johnson,TE,1,0,-1,110,140.04,00-0036040
Jalen McMillan,WR,1,0,-1,109,171.785,00-0039855
Oronde Gadsden,TE,1,0,-1,108,131.455,00-0040189
Denzel Boston,WR,1,0,-1,108,167.495,99-3635679
Brandon Aiyuk,WR,1,,,106,190.2,00-0036261
Jalen Nailor,WR,1,0,-1,105,197.89,00-0037291
